Name,Title,Description,Price,Stock
msk_full_hood_owls,"Fullprint —Ç–æ–ª—Å—Ç–æ–≤–∫–∞ ""–ú–∏—Å—Ç–∏—á–µ—Å–∫–∏–µ –°–æ–≤—ã"".","    Fullprint —Ñ–ª—é—Ä–Ω–∞—è —Ç–æ–ª—Å—Ç–æ–≤–∫–∞ —Å –ª–µ–≥–µ–Ω–¥–∞—Ä–Ω—ã–º–∏ —Å–æ–≤–∞–º–∏, –¥–∞–≤–Ω–æ —Å—Ç–∞–≤—à–∏–º–∏ —Ö–∏—Ç–∞–º–∏. –ü—Ä–∏–Ω—Ç—ã –Ω–∞ —Ä—É–∫–∞–≤–∞—Ö, –∫–∞–ø—é—à–æ–Ω–µ, —Å–ø–∏–Ω–µ –∏ –≥—Ä—É–¥–∏. –¢–∞–∫–∏—Ö –≤ –º–∏—Ä–µ –≤—Å–µ–≥–æ 4 —à—Ç—É–∫–∏. –û—Å—Ç–∞–ª–æ—Å—å —Å–≤–æ–±–æ–¥–Ω—ã—Ö –≤—Å–µ–≥–æ 2—à—Ç, –æ–±–µ —Ä–∞–∑–º–µ—Ä–∞ –ú –¥–ª—è –ø–∞—Ä–Ω–µ–π, —Ç–∞–∫–∂–µ –æ—Ç–ª–∏—á–Ω–æ –ø–æ–¥–æ–π–¥–µ—Ç –∏ –¥–ª—è –¥–µ–≤—É—à–µ–∫ —Å —Ä–∞–∑–º–µ—Ä–∞–º–∏ L. –°–º–æ—Ç—Ä–∏—Ç–µ –ø–∞—Ä–∞–º–µ—Ç—Ä—ã –Ω–∞ –∞–∫—Ç—É–∞–ª—å–Ω–æ–π —Ä–∞–∑–º–µ—Ä–Ω–æ–π —Å–µ—Ç–∫–µ –Ω–∞ –ø–æ—Å–ª–µ–¥–Ω–µ–º —Ñ–æ—Ç–æ.
    –°–¥–µ–ª–∞–Ω–æ –≤ –†–û–°–°–ò–ò. –ü—Ä–∏–Ω—Ç –Ω–µ –≤—ã—Å—Ç–∏—Ä—ã–≤–∞–µ—Ç—Å—è, –∞–∫—Ç–∏–≤–Ω–æ —Å–≤–µ—Ç–∏—Ç—Å—è –≤ —É–ª—å—Ç—Ä–∞—Ñ–∏–æ–ª–µ—Ç–µ –∏ –Ω–µ–æ–Ω–µ, –ø—Ä–µ–≤—Ä–∞—â–∞–µ—Ç—Å—è –≤ –æ–±—ä–µ–º–Ω—É—é –≥–æ–ª–æ–≥—Ä–∞–º–º—É –≤ 3D –≤ –æ—á–∫–∞—Ö chromadepth.
    –î–æ—Å—Ç–∞–≤–∫–∞ –ø–æ –†–§ –°–î–≠–ö –ª–∏–±–æ –ü–æ—á—Ç–∞ + 450—Ä. 
    ‚Äã–ü—Ä–∏–º–µ—Ä–∏—Ç—å –∏ –ø—Ä–∏–æ–±—Ä–µ—Å—Ç–∏ –Ω–∞ –º–µ—Å—Ç–µ –º–æ–∂–Ω–æ ‚Äã–≤ –ú–æ—Å–∫–≤–µ –≤ –º–∞–≥–∞–∑–∏–Ω–µ Crazy Bong –ø–æ –∞–¥—Ä–µ—Å—É –í–µ—Ä—Ö–Ω—è—è –°—ã—Ä–æ–º—è—Ç–Ω–∏—á–µ—Å–∫–∞—è 7 —Å 1.",7500,2
msk_full_h_darkpsy,"Fullprint —Ç–æ–ª—Å—Ç–æ–≤–∫–∞ ""Dark Psy"".","    Fullprint —Ñ–ª—é—Ä–Ω–∞—è —Ç–æ–ª—Å—Ç–æ–≤–∫–∞ ""Dark Psy"".  –¢–∞–∫–∞—è –≤ –º–∏—Ä–µ –≤—Å–µ–≥–æ –æ–¥–Ω–∞ —Ç–æ–ª—Å—Ç–æ–≤–∫–∞ c –∫–∞–ø—é—à–æ–Ω–æ–º, —Ä–∞–∑–º–µ—Ä–∞ –ú –¥–ª—è –ø–∞—Ä–Ω–µ–π, –ª–∏–±–æ –¥–ª—è –¥–µ–≤—É—à–∫–∏ —Å —Ä–∞–∑–º–µ—Ä–∞–º–∏ L. –°–º–æ—Ç—Ä–∏—Ç–µ –ø–∞—Ä–∞–º–µ—Ç—Ä—ã —Ö—É–¥–∏ –Ω–∞ –∞–∫—Ç—É–∞–ª—å–Ω–æ–π —Ä–∞–∑–º–µ—Ä–Ω–æ–π —Å–µ—Ç–∫–µ –Ω–∞ –ø–æ—Å–ª–µ–¥–Ω–µ–º —Ñ–æ—Ç–æ. –≠—Ç–æ –≥–µ–æ–º–µ—Ç—Ä–∏—á–µ—Å–∫–∞—è –∏–Ω—Ç–µ—Ä–ø—Ä–µ—Ç–∞—Ü–∏—è –ø–æ–ª–æ—Ç–Ω–∞ ""Dark Forest"". –° —Ç–∞–∫–∏–º –ø–∞—Ç—Ç–µ—Ä–Ω–æ–º –≤—Å–µ–≥–æ –±—ã–ª–æ –≤—ã–ø—É—â–µ–Ω–æ 2 —Å–≤–∏—Ç—à–æ—Ç–∞, –¥–∞–Ω–Ω–∞—è —Ö—É–¥–∏ –∏ —Å –ø–æ—Ö–æ–∂–∏–º –ø–∞—Ç—Ç–µ—Ä–Ω–æ–º –µ—â–µ –æ–¥–Ω–æ –ø–∞—Ä–µ–æ. 
    –ü–æ –∏—Å—Ç–∏–Ω–µ —ç–∫—Å–∫–ª—é–∑–∏–≤–Ω–∞—è –≤–µ—â—å. –°–¥–µ–ª–∞–Ω–æ –≤ –†–û–°–°–ò–ò. –ü—Ä–∏–Ω—Ç –Ω–µ –≤—ã—Å—Ç–∏—Ä—ã–≤–∞–µ—Ç—Å—è, –∞–∫—Ç–∏–≤–Ω–æ —Å–≤–µ—Ç–∏—Ç—Å—è –≤ —É–ª—å—Ç—Ä–∞—Ñ–∏–æ–ª–µ—Ç–µ –∏ –Ω–µ–æ–Ω–µ, –ø—Ä–µ–≤—Ä–∞—â–∞–µ—Ç—Å—è –≤ –æ–±—ä–µ–º–Ω—É—é –≥–æ–ª–æ–≥—Ä–∞–º–º—É –≤ 3D –≤ –æ—á–∫–∞—Ö chromadepth.
    –î–æ—Å—Ç–∞–≤–∫–∞ –ø–æ –†–§ –°–î–≠–ö –ª–∏–±–æ –ü–æ—á—Ç–∞ + 450—Ä. 
    ‚Äã–ü—Ä–∏–º–µ—Ä–∏—Ç—å –∏ –ø—Ä–∏–æ–±—Ä–µ—Å—Ç–∏ –Ω–∞ –º–µ—Å—Ç–µ –º–æ–∂–Ω–æ ‚Äã–≤ –ú–æ—Å–∫–≤–µ –≤ –º–∞–≥–∞–∑–∏–Ω–µ Crazy Bong –ø–æ –∞–¥—Ä–µ—Å—É –í–µ—Ä—Ö–Ω—è—è –°—ã—Ä–æ–º—è—Ç–Ω–∏—á–µ—Å–∫–∞—è 7 —Å 1.",7500,1
msk_full_h_durga,"Fullprint —Ç–æ–ª—Å—Ç–æ–≤–∫–∞ ""Durga"".","    Fullprint —Ñ–ª—é—Ä–Ω–∞—è —Ç–æ–ª—Å—Ç–æ–≤–∫–∞ ""Durga"".  –¢–∞–∫–∞—è –≤ –º–∏—Ä–µ –≤—Å–µ–≥–æ –æ–¥–Ω–∞ —Ç–æ–ª—Å—Ç–æ–≤–∫–∞ c –∫–∞–ø—é—à–æ–Ω–æ–º, —Ä–∞–∑–º–µ—Ä–∞ –ú –¥–ª—è –ø–∞—Ä–Ω–µ–π, –ª–∏–±–æ –¥–ª—è –¥–µ–≤—É—à–∫–∏ —Å —Ä–∞–∑–º–µ—Ä–∞–º–∏ L. –°–º–æ—Ç—Ä–∏—Ç–µ –ø–∞—Ä–∞–º–µ—Ç—Ä—ã —Ö—É–¥–∏ –Ω–∞ –∞–∫—Ç—É–∞–ª—å–Ω–æ–π —Ä–∞–∑–º–µ—Ä–Ω–æ–π —Å–µ—Ç–∫–µ –Ω–∞ –ø–æ—Å–ª–µ–¥–Ω–µ–º —Ñ–æ—Ç–æ. –≠—Ç–æ —Å–æ–≤–µ—Ä—à–µ–Ω–Ω–æ –Ω–æ–≤—ã–π –¥–∏–∑–∞–π–Ω, —Å –∫–æ—Ç–æ—Ä—ã–º –±—ã–ª–æ –≤—ã–ø—É—â–µ–Ω–æ –≤—Å–µ–≥–æ –¥–≤–∞ –ø–æ–ª–æ—Ç–Ω–∞ –∏ —ç—Ç–∞ —Ç–æ–ª—Å—Ç–æ–≤–∫–∞.
    –ü–æ –∏—Å—Ç–∏–Ω–µ —ç–∫—Å–∫–ª—é–∑–∏–≤–Ω–∞—è –≤–µ—â—å. –°–¥–µ–ª–∞–Ω–æ –≤ –†–û–°–°–ò–ò. –ü—Ä–∏–Ω—Ç –Ω–µ –≤—ã—Å—Ç–∏—Ä—ã–≤–∞–µ—Ç—Å—è, –∞–∫—Ç–∏–≤–Ω–æ —Å–≤–µ—Ç–∏—Ç—Å—è –≤ —É–ª—å—Ç—Ä–∞—Ñ–∏–æ–ª–µ—Ç–µ –∏ –Ω–µ–æ–Ω–µ, –ø—Ä–µ–≤—Ä–∞—â–∞–µ—Ç—Å—è –≤ –æ–±—ä–µ–º–Ω—É—é –≥–æ–ª–æ–≥—Ä–∞–º–º—É –≤ 3D –≤ –æ—á–∫–∞—Ö chromadepth.
    –î–æ—Å—Ç–∞–≤–∫–∞ –ø–æ –†–§ –°–î–≠–ö –ª–∏–±–æ –ü–æ—á—Ç–∞ + 450—Ä. 
    ‚Äã–ü—Ä–∏–º–µ—Ä–∏—Ç—å –∏ –ø—Ä–∏–æ–±—Ä–µ—Å—Ç–∏ –Ω–∞ –º–µ—Å—Ç–µ –º–æ–∂–Ω–æ ‚Äã–≤ –ú–æ—Å–∫–≤–µ –≤ –º–∞–≥–∞–∑–∏–Ω–µ Crazy Bong –ø–æ –∞–¥—Ä–µ—Å—É –í–µ—Ä—Ö–Ω—è—è –°—ã—Ä–æ–º—è—Ç–Ω–∏—á–µ—Å–∫–∞—è 7 —Å 1.",7500,1
msk_poreo biddhist clouds,"–ü–∞—Ä–µ–æ ""Buddha in Clouds"".","    –®–∞—Ä—Ñ, –Ω–∞–∫–∏–¥–∫–∞, —Ç—é—Ä–±–∞–Ω, —á–∞–ª–º–∞, –ø–∞—Ä–µ–æ –∏–∑ —à–∏—Ñ–æ–Ω–∞ —Å –ø–æ–ª–Ω–æ—Å—Ç—å—é —Ñ–ª—é—Ä–Ω—ã–º –ø—Ä–∏–Ω—Ç–æ–º –∏–∑ –±—É–¥–¥–∏–π—Å–∫–∏—Ö –æ–±–ª–∞–∫–æ–≤ –æ—Ä–∞–Ω–∂–µ–≤–æ–≥–æ —Ü–≤–µ—Ç–∞. –ï–¥–∏–Ω—Å—Ç–≤–µ–Ω–Ω—ã–π –≤ –º–∏—Ä–µ. –†–∞–∑–º–µ—Ä 3 –º–µ—Ç—Ä–∞ –≤ –¥–ª–∏–Ω—É –∏ 75—Å–º –≤ —à–∏—Ä–∏–Ω—É.
    –°–¥–µ–ª–∞–Ω–æ –≤ –†–û–°–°–ò–ò. –ü—Ä–∏–Ω—Ç –Ω–µ –≤—ã—Å—Ç–∏—Ä—ã–≤–∞–µ—Ç—Å—è, –∞–∫—Ç–∏–≤–Ω–æ —Å–≤–µ—Ç–∏—Ç—Å—è –≤ —É–ª—å—Ç—Ä–∞—Ñ–∏–æ–ª–µ—Ç–µ –∏ –Ω–µ–æ–Ω–µ, –ø—Ä–µ–≤—Ä–∞—â–∞–µ—Ç—Å—è –≤ –æ–±—ä–µ–º–Ω—É—é –≥–æ–ª–æ–≥—Ä–∞–º–º—É –≤ 3D –≤ –æ—á–∫–∞—Ö chromadepth.
    –î–æ—Å—Ç–∞–≤–∫–∞ –ø–æ –†–§ –°–î–≠–ö –ª–∏–±–æ –ü–æ—á—Ç–∞ + 450—Ä. 
    ‚Äã–ü—Ä–∏–º–µ—Ä–∏—Ç—å –∏ –ø—Ä–∏–æ–±—Ä–µ—Å—Ç–∏ –Ω–∞ –º–µ—Å—Ç–µ –º–æ–∂–Ω–æ ‚Äã–≤ –ú–æ—Å–∫–≤–µ –≤ –º–∞–≥–∞–∑–∏–Ω–µ Crazy Bong –ø–æ –∞–¥—Ä–µ—Å—É –í–µ—Ä—Ö–Ω—è—è –°—ã—Ä–æ–º—è—Ç–Ω–∏—á–µ—Å–∫–∞—è 7 —Å 1",4500,1
msk_poreo blue pattern,"–ü–∞—Ä–µ–æ ""Blueberry Kiss"".","    –£–Ω–∏—Å–µ–∫—Å —à–∞—Ä—Ñ ""Blueberry Kiss"", –Ω–∞–∫–∏–¥–∫–∞, —Ç—é—Ä–±–∞–Ω, —á–∞–ª–º–∞, –ø–∞—Ä–µ–æ –∏–∑ —à–∏—Ñ–æ–Ω–∞ —Å –ø–æ–ª–Ω–æ—Å—Ç—å—é —Ñ–ª—é—Ä–Ω—ã–º –ø—Ä–∏–Ω—Ç–æ–º –∏–∑ –ø—Ä–∏—Ä–æ–¥–Ω–æ–≥–æ —è–≥–æ–¥–Ω–æ–≥–æ –ø–∞—Ç—Ç–µ—Ä–Ω–∞. –ï–¥–∏–Ω—Å—Ç–≤–µ–Ω–Ω—ã–π –≤ –º–∏—Ä–µ. –†–∞–∑–º–µ—Ä 3 –º–µ—Ç—Ä–∞ –≤ –¥–ª–∏–Ω—É –∏ 75—Å–º –≤ —à–∏—Ä–∏–Ω—É. –ü–æ–¥—Ö–æ–¥–∏—Ç –∏ –¥–µ–≤—É—à–∫–∞–º, –∏ –ø–∞—Ä–Ω—è–º. –ê–∫—Ç—É–∞–ª—å–Ω–æ –≤ –ª—é–±–æ–µ –≤—Ä–µ–º—è –≥–æ–¥–∞.
    –°–¥–µ–ª–∞–Ω–æ –≤ –†–û–°–°–ò–ò. –ü—Ä–∏–Ω—Ç –Ω–µ –≤—ã—Å—Ç–∏—Ä—ã–≤–∞–µ—Ç—Å—è, –∞–∫—Ç–∏–≤–Ω–æ —Å–≤–µ—Ç–∏—Ç—Å—è –≤ —É–ª—å—Ç—Ä–∞—Ñ–∏–æ–ª–µ—Ç–µ –∏ –Ω–µ–æ–Ω–µ, –ø—Ä–µ–≤—Ä–∞—â–∞–µ—Ç—Å—è –≤ –æ–±—ä–µ–º–Ω—É—é –≥–æ–ª–æ–≥—Ä–∞–º–º—É –≤ 3D –≤ –æ—á–∫–∞—Ö chromadepth.
    –î–æ—Å—Ç–∞–≤–∫–∞ –ø–æ –†–§ –°–î–≠–ö –ª–∏–±–æ –ü–æ—á—Ç–∞ + 450—Ä. 
    ‚Äã–ü—Ä–∏–º–µ—Ä–∏—Ç—å –∏ –ø—Ä–∏–æ–±—Ä–µ—Å—Ç–∏ –Ω–∞ –º–µ—Å—Ç–µ –º–æ–∂–Ω–æ ‚Äã–≤ –ú–æ—Å–∫–≤–µ –≤ –º–∞–≥–∞–∑–∏–Ω–µ Crazy Bong –ø–æ –∞–¥—Ä–µ—Å—É –í–µ—Ä—Ö–Ω—è—è –°—ã—Ä–æ–º—è—Ç–Ω–∏—á–µ—Å–∫–∞—è 7 —Å 1.",4500,1
msk_poreo dark forest,"–ü–∞—Ä–µ–æ ""Dark Psy"".","    –£–Ω–∏—Å–µ–∫—Å —à–∞—Ä—Ñ ""Dark Psy"", –Ω–∞–∫–∏–¥–∫–∞, —Ç—é—Ä–±–∞–Ω, —á–∞–ª–º–∞, –ø–∞—Ä–µ–æ –∏–∑ —à–∏—Ñ–æ–Ω–∞ —Å –ø–æ–ª–Ω–æ—Å—Ç—å—é —Ñ–ª—é—Ä–Ω—ã–º –ø—Ä–∏–Ω—Ç–æ–º –∏–∑ –ø—Ä–∏—Ä–æ–¥–Ω–æ–≥–æ —è–≥–æ–¥–Ω–æ–≥–æ –ø–∞—Ç—Ç–µ—Ä–Ω–∞. –ï–¥–∏–Ω—Å—Ç–≤–µ–Ω–Ω—ã–π –≤ –º–∏—Ä–µ. –†–∞–∑–º–µ—Ä 3 –º–µ—Ç—Ä–∞ –≤ –¥–ª–∏–Ω—É –∏ 75—Å–º –≤ —à–∏—Ä–∏–Ω—É. –ü–æ–¥—Ö–æ–¥–∏—Ç –∏ –¥–µ–≤—É—à–∫–∞–º, –∏ –ø–∞—Ä–Ω—è–º. –ê–∫—Ç—É–∞–ª—å–Ω–æ –≤ –ª—é–±–æ–µ –≤—Ä–µ–º—è –≥–æ–¥–∞.
    –°–¥–µ–ª–∞–Ω–æ –≤ –†–û–°–°–ò–ò. –ü—Ä–∏–Ω—Ç –Ω–µ –≤—ã—Å—Ç–∏—Ä—ã–≤–∞–µ—Ç—Å—è, –∞–∫—Ç–∏–≤–Ω–æ —Å–≤–µ—Ç–∏—Ç—Å—è –≤ —É–ª—å—Ç—Ä–∞—Ñ–∏–æ–ª–µ—Ç–µ –∏ –Ω–µ–æ–Ω–µ, –ø—Ä–µ–≤—Ä–∞—â–∞–µ—Ç—Å—è –≤ –æ–±—ä–µ–º–Ω—É—é –≥–æ–ª–æ–≥—Ä–∞–º–º—É –≤ 3D –≤ –æ—á–∫–∞—Ö chromadepth.
    –î–æ—Å—Ç–∞–≤–∫–∞ –ø–æ –†–§ –°–î–≠–ö –ª–∏–±–æ –ü–æ—á—Ç–∞ + 450—Ä. 
    ‚Äã–ü—Ä–∏–º–µ—Ä–∏—Ç—å –∏ –ø—Ä–∏–æ–±—Ä–µ—Å—Ç–∏ –Ω–∞ –º–µ—Å—Ç–µ –º–æ–∂–Ω–æ ‚Äã–≤ –ú–æ—Å–∫–≤–µ –≤ –º–∞–≥–∞–∑–∏–Ω–µ Crazy Bong –ø–æ –∞–¥—Ä–µ—Å—É –í–µ—Ä—Ö–Ω—è—è –°—ã—Ä–æ–º—è—Ç–Ω–∏—á–µ—Å–∫–∞—è 7 —Å 1.",4500,1
msk_poreo flower,"–ü–∞—Ä–µ–æ ""Flower Of Life"".","    –£–Ω–∏—Å–µ–∫—Å —à–∞—Ä—Ñ ""Flower Of Life"" –∏–ª–∏ ""–¶–≤–µ—Ç–æ–∫ –ñ–∏–∑–Ω–∏"", –Ω–∞–∫–∏–¥–∫–∞, —Ç—é—Ä–±–∞–Ω, —á–∞–ª–º–∞, –ø–∞—Ä–µ–æ –∏–∑ —à–∏—Ñ–æ–Ω–∞ —Å —Å–∞–∫—Ä–∞–ª—å–Ω–æ–π –≥–µ–æ–º–µ—Ç—Ä–∏–µ–π. –¢–∞–∫–∏—Ö –≤ –º–∏—Ä–µ –≤—Å–µ–≥–æ 3—à—Ç. –û—Å—Ç–∞–ª–∞—Å—å –≤ –Ω–∞–ª–∏—á–∏–∏ 1—à—Ç. –†–∞–∑–º–µ—Ä 3 –º–µ—Ç—Ä–∞ –≤ –¥–ª–∏–Ω—É –∏ 75—Å–º –≤ —à–∏—Ä–∏–Ω—É. –ü–æ–¥—Ö–æ–¥–∏—Ç –∏ –¥–µ–≤—É—à–∫–∞–º, –∏ –ø–∞—Ä–Ω—è–º. –ê–∫—Ç—É–∞–ª—å–Ω–æ –≤ –ª—é–±–æ–µ –≤—Ä–µ–º—è –≥–æ–¥–∞.
    –°–¥–µ–ª–∞–Ω–æ –≤ –†–û–°–°–ò–ò. –ü—Ä–∏–Ω—Ç –Ω–µ –≤—ã—Å—Ç–∏—Ä—ã–≤–∞–µ—Ç—Å—è, –∞–∫—Ç–∏–≤–Ω–æ —Å–≤–µ—Ç–∏—Ç—Å—è –≤ —É–ª—å—Ç—Ä–∞—Ñ–∏–æ–ª–µ—Ç–µ –∏ –Ω–µ–æ–Ω–µ, –ø—Ä–µ–≤—Ä–∞—â–∞–µ—Ç—Å—è –≤ –æ–±—ä–µ–º–Ω—É—é –≥–æ–ª–æ–≥—Ä–∞–º–º—É –≤ 3D –≤ –æ—á–∫–∞—Ö chromadepth.
    –î–æ—Å—Ç–∞–≤–∫–∞ –ø–æ –†–§ –°–î–≠–ö –ª–∏–±–æ –ü–æ—á—Ç–∞ + 450—Ä. 
    ‚Äã–ü—Ä–∏–º–µ—Ä–∏—Ç—å –∏ –ø—Ä–∏–æ–±—Ä–µ—Å—Ç–∏ –Ω–∞ –º–µ—Å—Ç–µ –º–æ–∂–Ω–æ ‚Äã–≤ –ú–æ—Å–∫–≤–µ –≤ –º–∞–≥–∞–∑–∏–Ω–µ Crazy Bong –ø–æ –∞–¥—Ä–µ—Å—É –í–µ—Ä—Ö–Ω—è—è –°—ã—Ä–æ–º—è—Ç–Ω–∏—á–µ—Å–∫–∞—è 7 —Å 1.",4500,1
msk_poreo swasti,"–ü–∞—Ä–µ–æ ""Cosmic Sky"".","    –£–Ω–∏—Å–µ–∫—Å —à–∞—Ä—Ñ ""Cosmis Sky"", –Ω–∞–∫–∏–¥–∫–∞, —Ç—é—Ä–±–∞–Ω, —á–∞–ª–º–∞, –ø–∞—Ä–µ–æ –∏–∑ —à–∏—Ñ–æ–Ω–∞ —Å –∫–æ—Å–º–∏—á–µ—Å–∫–∏–º –ø–æ–ª–æ—Ç–Ω–æ–º –∏–∑ –≥–∞–ª–∞–∫—Ç–∏–∫ –∏ –º–ª–µ—á–Ω—ã—Ö –ø—É—Ç–µ–π. –¢–∞–∫–∏—Ö –≤ –º–∏—Ä–µ –≤—Å–µ–≥–æ 1—à—Ç. –†–∞–∑–º–µ—Ä 3 –º–µ—Ç—Ä–∞ –≤ –¥–ª–∏–Ω—É –∏ 75—Å–º –≤ —à–∏—Ä–∏–Ω—É. –ü–æ–¥—Ö–æ–¥–∏—Ç –∏ –¥–µ–≤—É—à–∫–∞–º, –∏ –ø–∞—Ä–Ω—è–º. –ê–∫—Ç—É–∞–ª—å–Ω–æ –≤ –ª—é–±–æ–µ –≤—Ä–µ–º—è –≥–æ–¥–∞.
    –°–¥–µ–ª–∞–Ω–æ –≤ –†–û–°–°–ò–ò. –ü—Ä–∏–Ω—Ç –Ω–µ –≤—ã—Å—Ç–∏—Ä—ã–≤–∞–µ—Ç—Å—è, –∞–∫—Ç–∏–≤–Ω–æ —Å–≤–µ—Ç–∏—Ç—Å—è –≤ —É–ª—å—Ç—Ä–∞—Ñ–∏–æ–ª–µ—Ç–µ –∏ –Ω–µ–æ–Ω–µ, –ø—Ä–µ–≤—Ä–∞—â–∞–µ—Ç—Å—è –≤ –æ–±—ä–µ–º–Ω—É—é –≥–æ–ª–æ–≥—Ä–∞–º–º—É –≤ 3D –≤ –æ—á–∫–∞—Ö chromadepth.
    –î–æ—Å—Ç–∞–≤–∫–∞ –ø–æ –†–§ –°–î–≠–ö –ª–∏–±–æ –ü–æ—á—Ç–∞ + 450—Ä. 
    ‚Äã–ü—Ä–∏–º–µ—Ä–∏—Ç—å –∏ –ø—Ä–∏–æ–±—Ä–µ—Å—Ç–∏ –Ω–∞ –º–µ—Å—Ç–µ –º–æ–∂–Ω–æ ‚Äã–≤ –ú–æ—Å–∫–≤–µ –≤ –º–∞–≥–∞–∑–∏–Ω–µ Crazy Bong –ø–æ –∞–¥—Ä–µ—Å—É –í–µ—Ä—Ö–Ω—è—è –°—ã—Ä–æ–º—è—Ç–Ω–∏—á–µ—Å–∫–∞—è 7 —Å 1.",4500,1
msk_bag_bleberry_msk,–†—é–∫–∑–∞–∫ —Ñ–ª—é—Ä–Ω—ã–π fullprint –¥–ª—è –≤–µ—â–µ–π ¬´Blueberry¬ª.,"–î–≤—É—Å—Ç–æ—Ä–æ–Ω–Ω–∏–π —Ä—é–∫–∑–∞–∫ –¥–ª—è –æ–¥–µ–∂–¥—ã, –ø–ª—è–∂–Ω–∞—è, —Å–ø–æ—Ä—Ç–∏–≤–Ω–∞—è —Å—É–º–∫–∞. –ò–∑–≥–æ—Ç–æ–≤–ª–µ–Ω–∞ –∏–∑ —Ñ—É—Ç–µ—Ä–∞ —Å–∏–Ω—Ç–µ—Ç–∏—á–µ—Å–∫–æ–≥–æ –ø–µ—Ç–µ–ª—å—á–∞—Ç–æ–≥–æ, —Å—Ç—Ä–µ—Ç—á. –î–ª—è –ª–µ–≥–∫–∏—Ö –≤–µ—â–µ–π. –í –ø–æ—Ö–æ–¥–µ –º–æ–∂–Ω–æ –∏—Å–ø–æ–ª—å–∑–æ–≤–∞—Ç—å –∫–∞–∫ –ø–æ–¥—É—à–∫—É, –ø–æ–ª–æ–∂–∏–≤ –≤ –Ω–µ–µ, –Ω–∞–ø—Ä–∏–º–µ—Ä, –∫—É—Ä—Ç–∫—É. –ü–æ–ª–Ω–æ—Å—Ç—å—é –∑–∞–ø–µ—á–∞—Ç–∞–Ω–∞ –≤–∏–∑–∏–æ–Ω–µ—Ä—Å–∫–∏–º–∏ –∞–≤—Ç–æ—Ä—Å–∫–∏–º–∏ –ø—Ä–∏–Ω—Ç–∞–º–∏, –∫–æ—Ç–æ—Ä—ã–µ –∞–∫—Ç–∏–≤–Ω–æ —Å–≤–µ—Ç—è—Ç—Å—è –≤ —É–ª—å—Ç—Ä–∞—Ñ–∏–æ–ª–µ—Ç–µ –∏ –Ω–µ–æ–Ω–µ, –∞ —Ç–∞–∫–∂–µ –ø—Ä–µ–≤—Ä–∞—â–∞—é—Ç—Å—è –≤ –æ–±—ä–µ–º–Ω—ã–µ –≥–æ–ª–æ–≥—Ä–∞–º–º—ã –≤ –æ—á–∫–∞—Ö chromadepth. –í—Å–µ–≥–æ –æ–¥–Ω–∞ —à—Ç—É–∫–∞ –≤ –Ω–∞–ª–∏—á–∏–∏ –∏ –≤ –º–∏—Ä–µ.",3500,1
msk_bag_dark_msk,–†—é–∫–∑–∞–∫ —Ñ–ª—é—Ä–Ω—ã–π fullprint –¥–ª—è –≤–µ—â–µ–π ¬´Dark Forest¬ª.,"–õ–µ–≥–∫–∏–π —Ä—é–∫–∑–∞–∫ –¥–ª—è –æ–¥–µ–∂–¥—ã, –ø–ª—è–∂–Ω–∞—è, —Å–ø–æ—Ä—Ç–∏–≤–Ω–∞—è —Å—É–º–∫–∞. –ò–∑–≥–æ—Ç–æ–≤–ª–µ–Ω–∞ –∏–∑ —Ñ—É—Ç–µ—Ä–∞ —Å–∏–Ω—Ç–µ—Ç–∏—á–µ—Å–∫–æ–≥–æ –ø–µ—Ç–µ–ª—å—á–∞—Ç–æ–≥–æ, —Å—Ç—Ä–µ—Ç—á. –î–ª—è –ª–µ–≥–∫–∏—Ö –≤–µ—â–µ–π. –í –ø–æ—Ö–æ–¥–µ –º–æ–∂–Ω–æ –∏—Å–ø–æ–ª—å–∑–æ–≤–∞—Ç—å –∫–∞–∫ –ø–æ–¥—É—à–∫—É, –ø–æ–ª–æ–∂–∏–≤ –≤ –Ω–µ–µ, –Ω–∞–ø—Ä–∏–º–µ—Ä, –∫—É—Ä—Ç–∫—É. –ü–æ–ª–Ω–æ—Å—Ç—å—é –∑–∞–ø–µ—á–∞—Ç–∞–Ω–∞ –≤–∏–∑–∏–æ–Ω–µ—Ä—Å–∫–∏–º–∏ –∞–≤—Ç–æ—Ä—Å–∫–∏–º–∏ –ø—Ä–∏–Ω—Ç–∞–º–∏ —Å –æ–±–µ–∏—Ö —Å—Ç–æ—Ä–æ–Ω, –∫–æ—Ç–æ—Ä—ã–µ –∞–∫—Ç–∏–≤–Ω–æ —Å–≤–µ—Ç—è—Ç—Å—è –≤ —É–ª—å—Ç—Ä–∞—Ñ–∏–æ–ª–µ—Ç–µ –∏ –Ω–µ–æ–Ω–µ, –∞ —Ç–∞–∫–∂–µ –ø—Ä–µ–≤—Ä–∞—â–∞—é—Ç—Å—è –≤ –æ–±—ä–µ–º–Ω—ã–µ –≥–æ–ª–æ–≥—Ä–∞–º–º—ã –≤ –æ—á–∫–∞—Ö chromadepth. –í—Å–µ–≥–æ –æ–¥–Ω–∞ —à—Ç—É–∫–∞ –≤ –Ω–∞–ª–∏—á–∏–∏ –∏ –≤ –º–∏—Ä–µ.",3500,1
msk_bag_hexon_msk,–†—é–∫–∑–∞–∫ —Ñ–ª—é—Ä–Ω—ã–π fullprint –¥–ª—è –≤–µ—â–µ–π ¬´Hexon¬ª.,"–õ–µ–≥–∫–∏–π —Ä—é–∫–∑–∞–∫ –¥–ª—è –æ–¥–µ–∂–¥—ã, –ø–ª—è–∂–Ω–∞—è, —Å–ø–æ—Ä—Ç–∏–≤–Ω–∞—è —Å—É–º–∫–∞. –ò–∑–≥–æ—Ç–æ–≤–ª–µ–Ω–∞ –∏–∑ —Ñ—É—Ç–µ—Ä–∞ —Å–∏–Ω—Ç–µ—Ç–∏—á–µ—Å–∫–æ–≥–æ –ø–µ—Ç–µ–ª—å—á–∞—Ç–æ–≥–æ, —Å—Ç—Ä–µ—Ç—á. –î–ª—è –ª–µ–≥–∫–∏—Ö –≤–µ—â–µ–π. –í –ø–æ—Ö–æ–¥–µ –º–æ–∂–Ω–æ –∏—Å–ø–æ–ª—å–∑–æ–≤–∞—Ç—å –∫–∞–∫ –ø–æ–¥—É—à–∫—É, –ø–æ–ª–æ–∂–∏–≤ –≤ –Ω–µ–µ, –Ω–∞–ø—Ä–∏–º–µ—Ä, –∫—É—Ä—Ç–∫—É. –ü–æ–ª–Ω–æ—Å—Ç—å—é –∑–∞–ø–µ—á–∞—Ç–∞–Ω–∞ –≤–∏–∑–∏–æ–Ω–µ—Ä—Å–∫–∏–º–∏ –∞–≤—Ç–æ—Ä—Å–∫–∏–º–∏ –ø—Ä–∏–Ω—Ç–∞–º–∏ —Å –æ–±–µ–∏—Ö —Å—Ç–æ—Ä–æ–Ω, –∫–æ—Ç–æ—Ä—ã–µ –∞–∫—Ç–∏–≤–Ω–æ —Å–≤–µ—Ç—è—Ç—Å—è –≤ —É–ª—å—Ç—Ä–∞—Ñ–∏–æ–ª–µ—Ç–µ –∏ –Ω–µ–æ–Ω–µ, –∞ —Ç–∞–∫–∂–µ –ø—Ä–µ–≤—Ä–∞—â–∞—é—Ç—Å—è –≤ –æ–±—ä–µ–º–Ω—ã–µ –≥–æ–ª–æ–≥—Ä–∞–º–º—ã –≤ –æ—á–∫–∞—Ö chromadepth. –í—Å–µ–≥–æ –æ–¥–Ω–∞ —à—Ç—É–∫–∞ –≤ –Ω–∞–ª–∏—á–∏–∏ –∏ –≤ –º–∏—Ä–µ.",3500,1
msk_bag_owls_msk,–†—é–∫–∑–∞–∫ —Ñ–ª—é—Ä–Ω—ã–π fullprint –¥–ª—è –≤–µ—â–µ–π ¬´Mystic Owls¬ª.,"–õ–µ–≥–∫–∏–π —Ä—é–∫–∑–∞–∫ –¥–ª—è –æ–¥–µ–∂–¥—ã, –ø–ª—è–∂–Ω–∞—è, —Å–ø–æ—Ä—Ç–∏–≤–Ω–∞—è —Å—É–º–∫–∞. –ò–∑–≥–æ—Ç–æ–≤–ª–µ–Ω–∞ –∏–∑ —Ñ—É—Ç–µ—Ä–∞ —Å–∏–Ω—Ç–µ—Ç–∏—á–µ—Å–∫–æ–≥–æ –ø–µ—Ç–µ–ª—å—á–∞—Ç–æ–≥–æ, —Å—Ç—Ä–µ—Ç—á. –î–ª—è –ª–µ–≥–∫–∏—Ö –≤–µ—â–µ–π. –í –ø–æ—Ö–æ–¥–µ –º–æ–∂–Ω–æ –∏—Å–ø–æ–ª—å–∑–æ–≤–∞—Ç—å –∫–∞–∫ –ø–æ–¥—É—à–∫—É, –ø–æ–ª–æ–∂–∏–≤ –≤ –Ω–µ–µ, –Ω–∞–ø—Ä–∏–º–µ—Ä, –∫—É—Ä—Ç–∫—É. –ü–æ–ª–Ω–æ—Å—Ç—å—é –∑–∞–ø–µ—á–∞—Ç–∞–Ω–∞ –≤–∏–∑–∏–æ–Ω–µ—Ä—Å–∫–∏–º–∏ –∞–≤—Ç–æ—Ä—Å–∫–∏–º–∏ –ø—Ä–∏–Ω—Ç–∞–º–∏ —Å –æ–±–µ–∏—Ö —Å—Ç–æ—Ä–æ–Ω, –∫–æ—Ç–æ—Ä—ã–µ –∞–∫—Ç–∏–≤–Ω–æ —Å–≤–µ—Ç—è—Ç—Å—è –≤ —É–ª—å—Ç—Ä–∞—Ñ–∏–æ–ª–µ—Ç–µ –∏ –Ω–µ–æ–Ω–µ, –∞ —Ç–∞–∫–∂–µ –ø—Ä–µ–≤—Ä–∞—â–∞—é—Ç—Å—è –≤ –æ–±—ä–µ–º–Ω—ã–µ –≥–æ–ª–æ–≥—Ä–∞–º–º—ã –≤ –æ—á–∫–∞—Ö chromadepth. –í—Å–µ–≥–æ –æ–¥–Ω–∞ —à—Ç—É–∫–∞ –≤ –Ω–∞–ª–∏—á–∏–∏ –∏ –≤ –º–∏—Ä–µ.",3500,1
msk_pants_msk,–®—Ç–∞–Ω—ã –ø–æ–ª–Ω–æ—Å—Ç—å—é —Ñ–ª—é—Ä–Ω—ã–µ fullprint UV-Active.,"–ù–∞ –ø–∞—Ä–Ω–µ–π —Ä–∞–∑–º–µ—Ä–∞ M-L –∏ —Ä–æ—Å—Ç–∞ 188-200. –ò–∑–≥–æ—Ç–æ–≤–ª–µ–Ω–æ –≤—Å–µ–≥–æ 4 –ø–∞—Ä—ã —à—Ç–∞–Ω–æ–≤ , –∫–∞–∂–¥–æ–≥–æ –≤–∏–¥–∞ –ø–æ 1 —à—Ç. –ü–æ–ª–Ω–æ—Å—Ç—å—é —Ñ–ª—é—Ä–Ω—ã–µ –ø—Ä–∏–Ω—Ç—ã, –≤—Å–µ —Ä–∞–∑–Ω—ã–µ. –ö–∞—Ä–º–∞–Ω—ã –Ω–∞ –º–æ–ª–Ω–∏—è—Ö. –§—É—Ç–µ—Ä —Å–∏–Ω—Ç–µ—Ç–∏—á–µ—Å–∫–∏–π. –ü—Ä–∏–Ω—Ç—ã –Ω–µ –≤—ã—Å—Ç–∏—Ä—ã–≤–∞—é—Ç—Å—è, –Ω–µ —Ç—É—Å–∫–Ω–µ—é—Ç. –ê–∫—Ç–∏–≤–Ω–æ —Å–≤–µ—Ç—è—Ç—Å—è –≤ —É–ª—Ç—Ä–∞—Ñ–∏–æ–ª–µ—Ç–µ –∏ –Ω–µ–æ–Ω–µ, –ø—Ä–µ–≤—Ä–∞—â–∞—é—Ç—Å—è –≤ 3–î –≥–æ–ª–æ–≥—Ä–∞–º–º—ã –≤ –æ—á–∫–∞—Ö chromadepth.",6500,3
spb_olymp_spb,–û–ª–∏–º–ø–∏–π–∫–∞ –ø–æ–ª–Ω–æ—Å—Ç—å—é —Ñ–ª—é—Ä–Ω–∞—è —Å –ø–æ–ª–æ—Å–∫–∞–º–∏ –∏ —Å–≤–µ—Ç–æ–æ—Ç—Ä–∞–∂–∞—é—â–µ–π –º–æ–ª–Ω–∏–µ–π.,"–≠–∫—Å–∫–ª—é–∑–∏–≤–Ω–∞—è –≤–µ—â—å. –û—Ç—à–∏—Ç–æ –≤—Å–µ–≥–æ –¥–≤–µ –ø–æ—Ö–æ–∂–∏–µ –æ–ª–∏–º–ø–∏–π–∫–∏, –Ω–æ –Ω–µ –∏–¥–µ–Ω—Ç–∏—á–Ω—ã–µ. –†–∞–∑–º–µ—Ä L. –ü–æ–¥–æ–π–¥–µ—Ç –∏ –ø–∞—Ä–Ω—è–º –∏ –¥–µ–≤—É—à–∫–∞–º. –ü—Ä–∏–æ–±—Ä–µ—Å—Ç–∏ –º–æ–∂–Ω–æ –ø–æ –∫–Ω–æ–ø–∫–µ –Ω–∏–∂–µ. –î–æ—Å—Ç–∞–≤–∫–∞ –ø–æ –≤—Å–µ–π –†–æ—Å—Å–∏–∏.",7500,1
spb_full_darkpattern_swtshrt,Fullprint —Å–≤–∏—Ç—à–æ—Ç Dark Psy.,"    Fullprint —Å–≤–∏—Ç—à–æ—Ç Dark Psy.‚Äã –°–¥–µ–ª–∞–Ω–æ –≤ –†–æ—Å—Å–∏–∏.
    –ü–æ–ª–Ω–æ—Å—Ç—å—é –∑–∞–ø—Ä–∏–Ω—Ç–æ–≤–∞–Ω–Ω—ã–π —Ñ–ª—é—Ä–Ω—ã–º –ø–∞—Ç—Ç–µ—Ä–Ω–æ–º –∏–∑ –∫–æ–º–ø–æ–∑–∏—Ü–∏–∏ Dark Forest —Å–≤–∏—Ç—à–æ—Ç —Å—à–∏—Ç –≤ –°–∞–Ω–∫—Ç-–ü–µ—Ç–µ—Ä–±—É—Ä–≥–µ –ê–Ω–∞—Å—Ç–∞—Å–∏–µ–π Anahart –∏–∑ –ø–µ—Ä–≤–æ–∫–ª–∞—Å—Å–Ω–æ–≥–æ —Å–∏–Ω—Ç–µ—Ç–∏—á–µ—Å–∫–æ–≥–æ —Ñ—É—Ç–µ—Ä–∞. –†–∞–∑–º–µ—Ä –ú. –í—Å–µ–≥–æ —Ç–∞–∫–∏—Ö —Å–≤–∏—Ç—à–æ—Ç–æ–≤ –≤ –º–∏—Ä–µ 3—à—Ç. –û—Å—Ç–∞–ª—Å—è –≤ –Ω–∞–ª–∏—á–∏–∏ –æ–¥–∏–Ω. –ü–æ–≤—Ç–æ—Ä–æ–≤ –Ω–µ –ø—Ä–µ–¥–≤–∏–¥–∏—Ç—Å—è. –£—Å–ø–µ–π –ø—Ä–∏–æ–±—Ä–µ—Å—Ç–∏ —É–Ω–∏–∫–∞–ª—å–Ω—ã–π –∫–æ—Å—Ç—é–º –¥–ª—è –≤–µ—á–µ—Ä–∏–Ω–∫–∏ –∏–ª–∏ –¥–∞–∂–µ –≤ –ø–æ–≤—Å–µ–¥–Ω–µ–≤–Ω–æ–π –∂–∏–∑–Ω–∏ –æ–Ω –±—É–¥–µ—Ç —Å–º–æ—Ç—Ä–µ—Ç—å—Å—è –¥–æ–≤–æ–ª—å–Ω–æ –∞–∫–∫–∫—É—Ä–∞—Ç–Ω–æ. 4Rave & Casual.
    –ü—Ä–∏–Ω—Ç –Ω–µ –≤—ã—Å—Ç–∏—Ä—ã–≤–∞–µ—Ç—Å—è, –∞–∫—Ç–∏–≤–Ω–æ —Å–≤–µ—Ç–∏—Ç—Å—è –≤ —É–ª—å—Ç—Ä–∞—Ñ–∏–æ–ª–µ—Ç–µ –∏ –Ω–µ–æ–Ω–µ, –ø—Ä–µ–≤—Ä–∞—â–∞–µ—Ç—Å—è –≤ –≥–æ–ª–æ–≥—Ä–∞–º–º—ã –≤ 3D –≤ –æ—á–∫–∞—Ö chromadepth.
    –î–æ—Å—Ç–∞–≤–∫–∞ –ø–æ –†–æ—Å—Å–∏–∏ 450—Ä. 
    –ü—Ä–∏–º–µ—Ä–∏—Ç—å –∏ –ø—Ä–∏–æ–±—Ä–µ—Å—Ç–∏ –Ω–∞ –º–µ—Å—Ç–µ –º–æ–∂–Ω–æ –≤ –°–∞–Ω–∫—Ç-–ü–µ—Ç–µ—Ä–±—É—Ä–≥–µ –≤ –º–∞–≥–∞–∑–∏–Ω–µ Boogie Shop –Ω–∞ –±–æ–ª—å—à–æ–π –ö–æ–Ω—é—à–µ–Ω–Ω–æ–π 17, –º. –ù–µ–≤—Å–∫–∏–π –ü—Ä–æ—Å–ø–µ–∫—Ç (—Ç–∞–∫–∂–µ  –ø–æ–¥–æ–π–¥–µ—Ç –º. –ê–¥–º–∏—Ä–∞–ª—Ç–µ–π—Å–∫–∞—è).",7500,1
spb_thaidie,–ö–æ–º–ø–ª–µ–∫—Ç —Ç–æ–ª—Å—Ç–æ–≤–∫–∞ –∏ —à—Ç–∞–Ω—ã –≤ —Å—Ç–∏–ª–µ —Ç–∞–π-–¥–∞–π.,"    –°–ø–æ—Ä—Ç–∏–≤–Ω—ã–π –∫–æ—Å—Ç—é–º —Ç–∞–π –¥–∞–π —á–µ—Ä–Ω–æ-–±–µ–ª—ã–π –≥–æ—Ç–∏—á–Ω—ã–π —Å—Ç–∏–ª—å. –°–¥–µ–ª–∞–Ω–æ –≤ –†–æ—Å—Å–∏–∏.
    –≠–∫—Å–∫–ª—é–∑–∏–≤–Ω–∞—è —Ç–æ–ª—Å—Ç–æ–≤–∫–∞ + —à—Ç–∞–Ω—ã.
    –¢–æ–ª—Å—Ç–æ–≤–∫–∞ –∏ —à—Ç–∞–Ω—ã —Å—à–∏—Ç—ã –≤ –µ–¥–∏–Ω—Å—Ç–≤–µ–Ω–Ω–æ–º —ç–∫–∑–µ–º–ø–ª—è—Ä–µ –ê–Ω–∞—Å—Ç–∞—Å–∏–µ–π Anahart –≤ –°–∞–Ω–∫—Ç-–ü–µ—Ç–µ—Ä–±—É—Ä–≥–µ –∏–∑ 100% —Ö–ª–æ–ø–∫–æ–≤–æ–≥–æ —Ñ—É—Ç–µ—Ä–∞ –ø—Ä–µ–º–∏—É–º –∫–∞—á–µ—Å—Ç–≤–∞. –†–∞–∑–º–µ—Ä –ú. –ö–æ–º–ø–ª–µ–∫—Ç 11—Ç—Ä. –ú–æ–∂–Ω–æ –ø—Ä–∏–æ–±—Ä–µ—Å—Ç–∏ –æ—Ç–¥–µ–ª—å–Ω–æ —à—Ç–∞–Ω—ã –∑–∞ 6500 –∏–ª–∏ —Ç–æ–ª—Å—Ç–æ–≤–∫—É –∑–∞ 7500.
    –î–æ—Å—Ç–∞–≤–∫–∞ –ø–æ –†–æ—Å—Å–∏–∏ 450—Ä. 
    –î–æ—Å—Ç–∞–≤–∫–∞ –ø–æ –≤—Å–µ–º—É –º–∏—Ä—É (40$). 
    –ü—Ä–∏–º–µ—Ä–∏—Ç—å –∏ –ø—Ä–∏–æ–±—Ä–µ—Å—Ç–∏ –Ω–∞ –º–µ—Å—Ç–µ –º–æ–∂–Ω–æ –≤ –°–∞–Ω–∫—Ç-–ü–µ—Ç–µ—Ä–±—É—Ä–≥–µ –≤ –º–∞–≥–∞–∑–∏–Ω–µ Boogie Shop –Ω–∞ –±–æ–ª—å—à–æ–π –ö–æ–Ω—é—à–µ–Ω–Ω–æ–π 17, ‚Äã –º. –ù–µ–≤—Å–∫–∏–π –ü—Ä–æ—Å–ø–µ–∫—Ç (—Ç–∞–∫–∂–µ  –ø–æ–¥–æ–π–¥–µ—Ç –º. –ê–¥–º–∏—Ä–∞–ª—Ç–µ–π—Å–∫–∞—è).",11000,1
spb_lumino_swtshrt,"–°–≤–∏—Ç—à–æ—Ç Cosmic Star
—Å–≤–µ—Ç–∏—Ç—Å—è –≤ —Ç–µ–º–Ω–æ—Ç–µ.","    –°–¥–µ–ª–∞–Ω–æ –≤ –†–æ—Å—Å–∏–∏.
    –ò–º–µ–Ω–Ω–æ —ç—Ç–æ—Ç —Å–≤–∏—Ç—à–æ—Ç –Ω–∞ —Ñ–æ—Ç–æ —Å—à–∏—Ç –≤ –µ–¥–∏–Ω—Å—Ç–≤–µ–Ω–Ω–æ–º —ç–∫–∑–µ–º–ø–ª—è—Ä–µ –ê–Ω–∞—Å—Ç–∞—Å–∏–µ–π Anahart –≤ –°–∞–Ω–∫—Ç-–ü–µ—Ç–µ—Ä–±—É—Ä–≥–µ –∏–∑ 100% —Ö–ª–æ–ø–∫–æ–≤–æ–≥–æ —Ñ—É—Ç–µ—Ä–∞ –ø—Ä–µ–º–∏—É–º –∫–∞—á–µ—Å—Ç–≤–∞. –†–∞–∑–º–µ—Ä L.
    –ß–µ—Ä–Ω–æ-–±–µ–ª—ã–π –ø—Ä–∏–Ω—Ç –∞–∫—Ç–∏–≤–Ω–æ —Å–≤–µ—Ç–∏—Ç—Å—è –≤ —É–ª—å—Ç—Ä–∞—Ñ–∏–æ–ª–µ—Ç–µ –∏ –Ω–µ–æ–Ω–µ, –∞ —Ç–∞–∫–∂–µ —Å–≤–µ—Ç–∏—Ç—Å—è —Å–∞–º –ø–æ —Å–µ–±–µ –≤ –∫—Ä–æ–º–µ—à–Ω–æ–π —Ç—å–º–µ, –µ—Å–ª–∏ –µ–≥–æ –ø—Ä–µ–¥–≤–∞—Ä–∏—Ç–µ–ª—å–Ω–æ –∑–∞—Ä—è–¥–∏—Ç—å –Ω–∞ —Å–æ–ª–Ω—Ü–µ –∏–ª–∏ –≤ —É—Ñ. 
    –ü—Ä–∏ –ø–æ–∫—É–ø–∫–µ –æ–Ω–ª–∞–π–Ω —Ü–µ–Ω–∞ 7500.
    –î–æ—Å—Ç–∞–≤–∫–∞ –ø–æ –†–æ—Å—Å–∏–∏ 450—Ä. 
    –î–æ—Å—Ç–∞–≤–∫–∞ –ø–æ –≤—Å–µ–º—É –º–∏—Ä—É (40$).
    –ü—Ä–∏–º–µ—Ä–∏—Ç—å –∏ –ø—Ä–∏–æ–±—Ä–µ—Å—Ç–∏ –Ω–∞ –º–µ—Å—Ç–µ –º–æ–∂–Ω–æ –≤ –°–∞–Ω–∫—Ç-–ü–µ—Ç–µ—Ä–±—É—Ä–≥–µ –≤ –º–∞–≥–∞–∑–∏–Ω–µ Boogie Shop –Ω–∞ –±–æ–ª—å—à–æ–π –ö–æ–Ω—é—à–µ–Ω–Ω–æ–π 17, ‚Äã –º. –ù–µ–≤—Å–∫–∏–π –ü—Ä–æ—Å–ø–µ–∫—Ç (—Ç–∞–∫–∂–µ  –ø–æ–¥–æ–π–¥–µ—Ç –º. –ê–¥–º–∏—Ä–∞–ª—Ç–µ–π—Å–∫–∞—è).",7500,1
spb_full_tshirt_blue_female,"Fullprint —Ñ—É—Ç–±–æ–ª–∫–∞ –∂–µ–Ω—Å–∫–∞—è ""Blueberry Kiss"".","    Fullprint —Ñ—É—Ç–±–æ–ª–∫–∞ –∂–µ–Ω—Å–∫–∞—è ""Blueberry Kiss"".‚Äã –°–¥–µ–ª–∞–Ω–∞ –≤ –†–æ—Å—Å–∏–∏.
    –ü–æ–ª–Ω–æ—Å—Ç—å—é –∑–∞–ø—Ä–∏–Ω—Ç–æ–≤–∞–Ω–Ω–∞—è —Ñ–ª—É–æ—Ä–µ—Å—Ü–µ–Ω—Ç–Ω—ã–º–∏ –∞–≤—Ç–æ—Ä—Å–∫–∏–º–∏ —Ä–∏—Å—É–Ω–∫–∞–º–∏ —Ñ—É—Ç–±–æ–ª–∫–∞ –∂–µ–Ω—Å–∫–∞—è —Å—à–∏—Ç–∞ –≤ –°–∞–Ω–∫—Ç-–ü–µ—Ç–µ—Ä–±—É—Ä–≥–µ –ê–Ω–∞—Å—Ç–∞—Å–∏–µ–π Anahart –∏–∑ –ø—Ä–µ–º–∏–∞–ª—å–Ω–æ–≥–æ –º–∞—Ç–µ—Ä–∏–∞–ª–∞, —Å–ø–æ—Ä—Ç–∏–≤–Ω–∞—è —Å–µ—Ç–∫–∞, –∫–∞–∫ –≤ —Ñ–æ—Ä–º–∞—Ö —Ñ—É—Ç–±–æ–ª–∏—Å—Ç–æ–≤ –∏ –±–∞—Å–∫–µ—Ç–±–æ–ª–∏—Å—Ç–æ–≤, —Ç–æ–ª—å–∫–æ –Ω–∞—à–∏ –ø—Ä–∏–Ω—Ç—ã –µ—â–µ –∏ –∞–∫—å—Ç–∏–≤–Ω–æ —Å–≤–µ—Ç—è—Ç—Å—è –≤ —É–ª—å—Ç—Ä–∞—Ñ–∏–æ–ª–µ—Ç–µ. –†–∞–∑–º–µ—Ä S.  –¢–∞–∫–∞—è –≤ –º–∏—Ä–µ –≤—Å–µ–≥–æ –æ–¥–Ω–∞. –ü–æ–≤—Ç–æ—Ä–æ–≤ –Ω–µ –±—É–¥–µ—Ç –Ω–∏–∫–æ–≥–¥–∞. Rave & Casual.
    –ü—Ä–∏–Ω—Ç –Ω–µ –≤—ã—Å—Ç–∏—Ä—ã–≤–∞–µ—Ç—Å—è, –∞–∫—Ç–∏–≤–Ω–æ —Å–≤–µ—Ç–∏—Ç—Å—è –≤ —É–ª—å—Ç—Ä–∞—Ñ–∏–æ–ª–µ—Ç–µ –∏ –Ω–µ–æ–Ω–µ, –ø—Ä–µ–≤—Ä–∞—â–∞–µ—Ç—Å—è –≤ –≥–æ–ª–æ–≥—Ä–∞–º–º—ã –≤ 3D –≤ –æ—á–∫–∞—Ö chromadepth.
    –î–æ—Å—Ç–∞–≤–∫–∞ –ø–æ –†–æ—Å—Å–∏–∏ 450—Ä. 
    –î–æ—Å—Ç–∞–≤–∫–∞ –ø–æ –≤—Å–µ–º—É –º–∏—Ä—É (40$). 
    –ü—Ä–∏–º–µ—Ä–∏—Ç—å –∏ –ø—Ä–∏–æ–±—Ä–µ—Å—Ç–∏ –Ω–∞ –º–µ—Å—Ç–µ –º–æ–∂–Ω–æ –≤ –°–∞–Ω–∫—Ç-–ü–µ—Ç–µ—Ä–±—É—Ä–≥–µ –≤ –º–∞–≥–∞–∑–∏–Ω–µ Boogie Shop –Ω–∞ –±–æ–ª—å—à–æ–π –ö–æ–Ω—é—à–µ–Ω–Ω–æ–π 17, –º. –ù–µ–≤—Å–∫–∏–π –ü—Ä–æ—Å–ø–µ–∫—Ç (—Ç–∞–∫–∂–µ  –ø–æ–¥–æ–π–¥–µ—Ç –º. –ê–¥–º–∏—Ä–∞–ª—Ç–µ–π—Å–∫–∞—è).",2750,1
spb_ttsh_w_baba_red_spb,"–§—É—Ç–±–æ–ª–∫–∞ ""Cosmic Star"" —Ö–ª–æ–ø–∫–æ–≤–∞—è –∫—Ä–∞—Å–Ω–∞—è –∂–µ–Ω—Å–∫–∞—è —Å–≤–µ—Ç–∏—Ç—Å—è –≤ —Ç–µ–º–Ω–æ—Ç–µ.","–§—É—Ç–±–æ–ª–∫–∞ –∂–µ–Ω—Å–∫–∞—è —Ö–ª–æ–ø–∫–æ–≤–∞—è, handmade by An Anahart. –¢–∞–∫–∞—è —Ç–æ–∂–µ –≤—Å–µ–≥–æ –æ–¥–Ω–∞ 1—à—Ç –≤ –º–∏—Ä–µ, —Ç–∞–∫ –∫–∞–∫ –ø—Ä–∏–Ω—Ç—ã —Ç–∞–∫–∂–µ –Ω–∞–Ω–æ—Å–∏–ª–∏—Å—å –∏ —Å–æ–±–∏—Ä–∞–ª–∏—Å—å –≤—Ä—É—á–Ω—É—é –ø–æ —Ç–∏–ø—É –∞–ø–ø–ª–∏–∫–∞—Ü–∏–∏. –ü—Ä–∏–Ω—Ç—ã —Å–≤–µ—Ç—è—Ç—Å—è –≤ —É–ª—å—Ç—Ä–∞—Ñ–∏–æ–ª–µ—Ç–µ –∏ –Ω–µ–æ–Ω–µ , –∞ —Ç–∞–∫–∂–µ –ø–æ—Å–ª–µ –ø–æ–¥–∑–∞—Ä—è–¥–∫–∏ –Ω–∞ —Å–≤–µ—Ç—É - —Å–≤–µ—Ç—è—Ç—Å—è –≤ —Ç–µ–º–Ω–æ—Ç–µ —Å–∞–º–∏ –ø–æ —Å–µ–±–µ. –ü–æ–¥—Ö–æ–¥–∏—Ç –¥–ª—è —Ä–∞–∑–Ω–æ–≥–æ —Ç–∏–ø–∞ –¥–µ–≤—É—à–µ–∫. –ö–∞–∫ –∏ –ª—é–±–∏—Ç–µ–ª—å–Ω–∏—Ü–∞–º –≤–µ—á–µ—Ä–∏–Ω–æ–∫, —Ç–∞–∫ –∏ –ø—Ä–æ—Å—Ç–æ —Ü–µ–Ω–∏—Ç–µ–ª—å–Ω–∏—Ü–∞–º –∫–∞—á–µ—Å—Ç–≤–∞ –∏ —Ä—É—á–Ω–æ–π —Ä–∞–±–æ—Ç—ã.‚ò∫Ô∏è‚ù§Ô∏è",2750,1
spb_tank_m_fluo_red_spb,"–§–ª—é—Ä–Ω–∞—è –º—É–∂—Å–∫–∞—è –º–∞–π–∫–∞ ""1000 –∏ –æ–¥–Ω–∞ –Ω–æ—á—å"".","–û—Ä–∏–≥–∏–Ω–∞–ª—å–Ω—ã–π –∫—Ä–∞—Å–Ω—ã–π –æ—Ä–Ω–∞–º–µ–Ω—Ç –≤ –≤–æ—Å—Ç–æ—á–Ω–æ–º —Å—Ç–∏–ª–µ, –∞–≤—Ç–æ—Ä—Å–∫–∏–π, —Ç–∞–∫ –∫–∞–∫ –æ—Ç—Ä–∏—Å–æ–≤–∞–Ω —Ö—É–¥–æ–∂–Ω–∏–∫–æ–º —Å–∞–º–æ—Å—Ç–æ—è—Ç–µ–ª—å–Ω–æ –≤—Ä—É—á–Ω—É—é. –¢—â–∞—Ç–µ–ª—å–Ω–æ –ø–æ–¥–æ–±—Ä–∞–Ω—ã–π —Ä–∞–∑–º–µ—Ä –ø–∞—Ç—Ç–µ—Ä–Ω–∞ —Å–æ–∑–¥–∞–µ—Ç –æ—â—É—â–µ–Ω–∏–µ —Å–≤–µ—Ç—è—â–µ–π—Å—è –∏ –æ–±—ä–µ–º–Ω–æ–π –ø–∞—É—Ç–∏–Ω—ã. –ú–∞—Ç–µ—Ä–∏–∞–ª —Å–ø–æ—Ä—Ç–∏–≤–Ω–∞—è —Å–µ—Ç–∫–∞. –ü—Ä–∏–Ω—Ç —Å–≤–µ—Ç–∏—Ç—Å—è –≤ —Ç–µ–º–Ω–æ—Ç–µ –∏ –Ω–µ –≤—ã—Å—Ç–∏—Ä—ã–≤–∞–µ—Ç—Å—è —Å–æ –≤—Ä–µ–º–µ–Ω–µ–º. –ö—Ä–µ–ø–∫–æ, –Ω–∞–¥–µ–∂–Ω–æ, –Ω–∞–≤–µ–∫–∞. –°—à–∏—Ç —Ä—É–∫–∞–º–∏ –ê–Ω–∞—Å—Ç–∞—Å–∏–∏ –ê–Ω–∞—Ö–∞—Ä—Ç. –í –µ–¥–∏–Ω—Å—Ç–≤–µ–Ω–Ω–æ–º —ç–∫–∑–µ–º–ø–ª—è—Ä–µ. –†–∞–∑–º–µ—Ä –ú-XL. ONE SIZE.",2750,1
spb_ttop_w_fluo_red_spb,"–ú–∞–π–∫–∞ –∂–µ–Ω—Å–∫–∞—è, —Ñ–ª—é—Ä–Ω–∞—è ""–ê—Ä–∞–±—Å–∫–∞—è –Ω–æ—á—å"".","–ú–∞–π–∫–∞ –∂–µ–Ω—Å–∫–∞—è, —Ñ–ª—é—Ä–Ω–∞—è. –°–ø–æ—Ä—Ç–∏–≤–Ω–∞—è —Å–µ—Ç–∫–∞. –° –∞–≤—Ç–æ—Ä—Å–∫–∏–º –ø–∞—Ç—Ç–µ—Ä–Ω–æ–º –æ—Ç Anahart –≤ –≤–æ—Å—Ç–æ—á–Ω–æ–º —Å—Ç–∏–ª–µ. –ñ–µ–Ω—Å–∫–∞—è –µ–¥–∏–Ω—Å—Ç–≤–µ–Ω–Ω–∞—è –≤ —Å–≤–æ–µ–º —Ä–æ–¥–µ. –ï—Å—Ç—å –µ—â–µ —Ç–∞–∫–∞—è –∂–µ –º—É–∂—Å–∫–∞—è, —Ç–∞–∫–∂–µ –µ–¥–∏–Ω—Å—Ç–≤–µ–Ω–Ω–∞—è –≤–µ—â—å. –ê–∫—Ç–∏–≤–Ω–æ —Å–≤–µ—Ç–∏—Ç—Å—è –≤ —É–ª—å—Ç—Ä–∞—Ñ–∏–æ–ª–µ—Ç–µ. –ü–æ–¥—Ö–æ–¥–∏—Ç –∏ –¥–ª—è —Å–ø–æ—Ä—Ç–∑–∞–ª–∞, –∏ –¥–ª—è –∫–ª—É–±–∞, –∏ –¥–ª—è –ø–ª—è–∂–∞ –∏ –ø—Ä–æ—Å—Ç–æ –≤ –æ–±—ã—á–Ω–æ–π –ø–æ–≤—Å–µ–¥–Ω–µ–≤–Ω–æ–π –∂–∏–∑–Ω–∏ –∫—Ä–∞—Å–∏–≤–∞—è –∞–∫–∫—É—Ä–∞—Ç–Ω–∞—è –º–∞–π–∫–∞. –°—à–∏—Ç–∞ —Ä—É–∫–∞–º–∏ AN ANAHART üî•üëç.",2750,1
spb_ttop_w_fluo_swast_spb,"–ú–∞–π–∫–∞ –∂–µ–Ω—Å–∫–∞—è, —Ñ–ª—é—Ä–Ω–∞—è. ""Cosmic Sky"".","–ú–∞–π–∫–∞ –∂–µ–Ω—Å–∫–∞—è, —Ñ–ª—é—Ä–Ω–∞—è. –°–ø–æ—Ä—Ç–∏–≤–Ω–∞—è —Å–µ—Ç–∫–∞. –° –∞–≤—Ç–æ—Ä—Å–∫–∏–º —Ñ–ª—É–æ—Ä–µ—Å—Ü–µ–Ω—Ç–Ω—ã–º —Ü–≤–µ—Ç–æ—á–Ω—ã–º –ø—Ä–∏–Ω—Ç–æ–º. –ñ–µ–Ω—Å–∫–∞—è S-—á–∫–∞. –ï–¥–∏–Ω—Å—Ç–≤–µ–Ω–Ω–∞—è –≤ —Å–≤–æ–µ–º —Ä–æ–¥–µ. –ê–∫—Ç–∏–≤–Ω–æ —Å–≤–µ—Ç–∏—Ç—Å—è –≤ —É–ª—å—Ç—Ä–∞—Ñ–∏–æ–ª–µ—Ç–µ. –ü–æ–¥—Ö–æ–¥–∏—Ç –∏ –¥–ª—è —Å–ø–æ—Ä—Ç–∑–∞–ª–∞, –∏ –¥–ª—è –∫–ª—É–±–∞, –∏ –¥–ª—è –ø–ª—è–∂–∞ –∏ –ø—Ä–æ—Å—Ç–æ –≤ –æ–±—ã—á–Ω–æ–π –ø–æ–≤—Å–µ–¥–Ω–µ–≤–Ω–æ–π –∂–∏–∑–Ω–∏ –∫—Ä–∞—Å–∏–≤–∞—è –∞–∫–∫—É—Ä–∞—Ç–Ω–∞—è –º–∞–π–∫–∞. –°—à–∏—Ç–∞ —Ä—É–∫–∞–º –ê–Ω–∞—Å—Ç–∞—Å–∏–∏ Anahart.",2750,1
spb_ttop_w_pink_spb,"–ú–∞–π–∫–∞ –∂–µ–Ω—Å–∫–∞—è, —Ñ–ª—é—Ä–Ω–∞—è. ""Pink Star"".","–ú–∞–π–∫–∞ –∂–µ–Ω—Å–∫–∞—è —Ö–ª–æ–ø–∫–æ–≤–∞—è. Handmade. –°—à–∏—Ç–æ –≤—Ä—É—á–Ω—É—é –ê–Ω–∞—Å—Ç–∞—Å–∏–µ–π, –ø—Ä–∏–Ω—Ç—ã —Å–≤–µ—Ç—è—Ç—Å—è –≤ —É–ª—å—Ç—Ä–∞—Ñ–∏–æ–ª–µ—Ç–µ, –Ω–µ–æ–Ω–µ –∏ —Ç–µ–º–Ω–æ—Ç–µ. –ï–¥–∏–Ω—Å—Ç–≤–µ–Ω–Ω–∞—è —Ç–∞–∫–∞—è –∫—Ä–∞—Å–Ω–∞—è –∂–µ–Ω—Å–∫–∞—è –º–∞–π–∫–∞ –≤ –º–∏—Ä–µ. –¶–µ–Ω–∞ 2750—Ä –¥–æ—Å—Ç–∞–≤–∫–∞ 450—Ä. –ü—Ä–∏–º–µ—Ä–∏—Ç—å –∏ –ø—Ä–∏–æ–±—Ä–µ—Å—Ç–∏ –Ω–∞ –º–µ—Å—Ç–µ –º–æ–∂–Ω–æ –≤ –°–∞–Ω–∫—Ç-–ü–µ—Ç–µ—Ä–±—É—Ä–≥–µ –≤ –º–∞–≥–∞–∑–∏–Ω–µ Boogie Shop –Ω–∞ –ë–æ–ª—å—à–æ–π –ö–æ–Ω—é—à–µ–Ω–Ω–æ–π 17.",2750,1
spb_ttop_w_red_spb,"–ú–∞–π–∫–∞ –∂–µ–Ω—Å–∫–∞—è –∫—Ä–∞—Å–Ω–∞—è ""Cosmic Star"".","–ú–∞–π–∫–∞ –∂–µ–Ω—Å–∫–∞—è —Ö–ª–æ–ø–∫–æ–≤–∞—è. Handmade. –°—à–∏—Ç–æ –≤—Ä—É—á–Ω—É—é –ê–Ω–∞—Å—Ç–∞—Å–∏–µ–π, –ø—Ä–∏–Ω—Ç—ã —Å–≤–µ—Ç—è—Ç—Å—è –≤ —É–ª—å—Ç—Ä–∞—Ñ–∏–æ–ª–µ—Ç–µ, –Ω–µ–æ–Ω–µ –∏ —Ç–µ–º–Ω–æ—Ç–µ. –ï–¥–∏–Ω—Å—Ç–≤–µ–Ω–Ω–∞—è —Ç–∞–∫–∞—è –∫—Ä–∞—Å–Ω–∞—è –∂–µ–Ω—Å–∫–∞—è –º–∞–π–∫–∞ –≤ –º–∏—Ä–µ. –¶–µ–Ω–∞ 2750—Ä –¥–æ—Å—Ç–∞–≤–∫–∞ 450—Ä. –ü—Ä–∏–º–µ—Ä–∏—Ç—å –∏ –ø—Ä–∏–æ–±—Ä–µ—Å—Ç–∏ –Ω–∞ –º–µ—Å—Ç–µ –º–æ–∂–Ω–æ –≤ –°–∞–Ω–∫—Ç-–ü–µ—Ç–µ—Ä–±—É—Ä–≥–µ –≤ –º–∞–≥–∞–∑–∏–Ω–µ Boogie Shop –Ω–∞ –ë–æ–ª—å—à–æ–π –ö–æ–Ω—é—à–µ–Ω–Ω–æ–π 17.",2750,1
spb_ttsh_m_baba_blue_spb,"–§—É—Å–±–æ–ª–∫–∞ –º—É–∂—Å–∫–∞—è —Ö–ª–æ–ø–∫–æ–≤–∞—è —Å–∏–Ω—è—è ""Cosmic Star"" –°–≤–µ—Ç–∏—Ç—Å—è –≤ —Ç–µ–º–Ω–æ—Ç–µ. ","–§—É—Ç–±–æ–ª–∫–∞ ONE SIZE –∏–∑ –ø—Ä–µ–º–∏–∞–ª—å–Ω–æ–≥–æ —Ö–ª–æ–∫–∞, –∫—É–ª–∏—Ä–Ω–∞—è –≥–ª–∞–¥—å. –û—Ç–ª–∏—á–Ω–æ –ø–æ–¥—Ö–æ–¥–∏—Ç –¥–ª—è –ø–∞—Ä–Ω–µ–π –æ—Ç M –¥–æ XL. –ü—Ä–µ–∫—Ä–∞—Å–Ω–æ –ø–æ–¥–æ–π–¥–µ—Ç –∏ –¥–µ–≤—É—à–∫–∞–º, –∫–æ—Ç–æ—Ä—ã–µ –ª—é–±—è—Ç —Ö–æ–¥–∏—Ç—å –≤ –±–æ–ª—å—à–∏—Ö, —Å–≤–æ–±–æ–¥–Ω—ã—Ö, –ø—Ä–∏—è—Ç–Ω—ã—Ö —Ñ—É—Ç–±–æ–ª–∫–∞—Ö. –°–≤–æ–±–æ–¥–Ω–∞—è, –¥—ã—à–∞—â–∞—è, –º—è–≥–∫–∞—è –Ω–∞ –æ—â—É–ø—å —Ç–∫–∞–Ω—å. –ê–≤—Ç–æ—Ä—Å–∫–∏–µ –ø—Ä–∏–Ω—Ç—ã —Å–≤–µ—Ç—è—Ç—Å—è –≤ —É–ª—å—Ç—Ä–∞—Ñ–∏–æ–ª–µ—Ç–µ –∏ –Ω–µ–æ–Ω–µ. –ê —Ç–∞–∫–∂–µ —Å–∞–º–∏ –ø–æ —Å–µ–±–µ –≤ –∫—Ä–æ–º–µ—à–Ω–æ–π —Ç—å–º–µ –ø—Ä–∏–Ω—Ç—ã —Å–≤–µ—Ç—è—Ç—Å—è —è—Ä–∫–∏–º –∑–µ–ª–µ–Ω—ã–º —Ñ–æ—Å—Ñ–æ—Ä–∏—Ä—É—é—â–∏–º —Å–≤–µ—Ç–æ–º, –µ—Å–ª–∏ –ø—Ä–µ–¥–≤–∞—Ä–∏—Ç–µ–ª—å–Ω–æ –∑–∞—Ä—è–¥–∏—Ç—å –Ω–∞ —Å–æ–ª–Ω—Ü–µ –∏–ª–∏ –ø–æ–¥ —É—Ñ –ª–∞–º–ø–∞–º–∏. Handmade, —Å—à–∏—Ç–∞ –≤—Ä—É—á–Ω—É—é –ê–Ω–∞—Å—Ç–∞—Å–∏–µ–π –ê–Ω–∞—Ö–∞—Ä—Ç, –≤—Å–µ–≥–æ 1 —à—Ç—É–∫–∞ –º—É–∂—Å–∫–∞—è –∏ –µ—Å—Ç—å –µ—â–µ –ø–æ—Ö–æ–∂–∞—è –∏–º–µ–Ω–Ω–æ –∂–µ–Ω—Å–∫–∞—è! –°—Ç–æ–∏–º–æ—Å—Ç—å –≤—Å–µ–≥–æ 2750—Ä. –î–æ—Å—Ç–∞–≤–∫–∞ –ø–æ –†–§ - 450—Ä. –õ–æ–∫–∞–ª—å–Ω–æ –ø–æ–º–µ—Ä–∏—Ç—å –∏ –ø—Ä–∏–æ–±—Ä–µ—Å—Ç–∏ –º–æ–∂–Ω–æ –≤ –º–∞–≥–∞–∑–∏–Ω–µ Boogie Shop –ø–æ –∞–¥—Ä–µ—Å—É –õ–∏–≥–æ–≤—Å–∫–∏–π –ø—Ä–æ—Å–ø–µ–∫—Ç 74.",2750,1
spb_ttsh_m_baba_grey_spb,"–§—É—Å–±–æ–ª–∫–∞ –º—É–∂—Å–∫–∞—è —Ö–ª–æ–ø–∫–æ–≤–∞—è —Å–µ—Ä–∞—è ""Glow In Dark"" –°–≤–µ—Ç–∏—Ç—Å—è –≤ —Ç–µ–º–Ω–æ—Ç–µ. ","–§—É—Ç–±–æ–ª–∫–∞ ONE SIZE —Å —à–∏—Ä–æ–∫–æ–π –≥–æ—Ä–ª–æ–≤–∏–Ω–æ–π-—Å—Ç–æ–π–∫–æ–π –∏–∑ –ø—Ä–µ–º–∏–∞–ª—å–Ω–æ–≥–æ —Ö–ª–æ–∫–∞, –∫—É–ª–∏—Ä–Ω–∞—è –≥–ª–∞–¥—å. –û—Ç–ª–∏—á–Ω–æ –ø–æ–¥—Ö–æ–¥–∏—Ç –¥–ª—è –ø–∞—Ä–Ω–µ–π –æ—Ç M –¥–æ XL. –ü—Ä–µ–∫—Ä–∞—Å–Ω–æ –ø–æ–¥–æ–π–¥–µ—Ç –∏ –¥–µ–≤—É—à–∫–∞–º, –∫–æ—Ç–æ—Ä—ã–µ –ª—é–±—è—Ç —Ö–æ–¥–∏—Ç—å –≤ –±–æ–ª—å—à–∏—Ö, —Å–≤–æ–±–æ–¥–Ω—ã—Ö, –ø—Ä–∏—è—Ç–Ω—ã—Ö —Ñ—É—Ç–±–æ–ª–∫–∞—Ö. –°–≤–æ–±–æ–¥–Ω–∞—è, –¥—ã—à–∞—â–∞—è, –º—è–≥–∫–∞—è –Ω–∞ –æ—â—É–ø—å —Ç–∫–∞–Ω—å. –ê–≤—Ç–æ—Ä—Å–∫–∏–µ –ø—Ä–∏–Ω—Ç—ã —Å–≤–µ—Ç—è—Ç—Å—è –≤ —É–ª—å—Ç—Ä–∞—Ñ–∏–æ–ª–µ—Ç–µ –∏ –Ω–µ–æ–Ω–µ. –ê —Ç–∞–∫–∂–µ —Å–∞–º–∏ –ø–æ —Å–µ–±–µ –≤ –∫—Ä–æ–º–µ—à–Ω–æ–π —Ç—å–º–µ –ø—Ä–∏–Ω—Ç—ã —Å–≤–µ—Ç—è—Ç—Å—è —è—Ä–∫–∏–º –∑–µ–ª–µ–Ω—ã–º —Ñ–æ—Å—Ñ–æ—Ä–∏—Ä—É—é—â–∏–º —Å–≤–µ—Ç–æ–º, –µ—Å–ª–∏ –ø—Ä–µ–¥–≤–∞—Ä–∏—Ç–µ–ª—å–Ω–æ –∑–∞—Ä—è–¥–∏—Ç—å –Ω–∞ —Å–æ–ª–Ω—Ü–µ –∏–ª–∏ –ø–æ–¥ —É—Ñ –ª–∞–º–ø–∞–º–∏. Handmade, —Å—à–∏—Ç–∞ –≤—Ä—É—á–Ω—É—é @ananahart, –≤—Å–µ–≥–æ 1 —à—Ç—É–∫–∞! –í –º–∏—Ä–µ —Ç–∞–∫–∏—Ö –±–æ–ª—å—à–µ –Ω–µ—Ç! –°—Ç–æ–∏–º–æ—Å—Ç—å –≤—Å–µ–≥–æ 2750—Ä. –î–æ—Å—Ç–∞–≤–∫–∞ –ø–æ –†–§ - 450—Ä. –õ–æ–∫–∞–ª—å–Ω–æ –ø–æ–º–µ—Ä–∏—Ç—å –∏ –ø—Ä–∏–æ–±—Ä–µ—Å—Ç–∏ –º–æ–∂–Ω–æ –≤ –º–∞–≥–∞–∑–∏–Ω–µ Boogie Shop –ø–æ –∞–¥—Ä–µ—Å—É –õ–∏–≥–æ–≤—Å–∫–∏–π –ø—Ä–æ—Å–ø–µ–∫—Ç 74.",2750,1
spb_ttsh_w_baba_blue_spb,"–§—É—Å–±–æ–ª–∫–∞ –∂–µ–Ω—Å–∫–∞—è —Ö–ª–æ–ø–∫–æ–≤–∞—è —Å–∏–Ω—è—è ""Cosmic Star"" –°–≤–µ—Ç–∏—Ç—Å—è –≤ —Ç–µ–º–Ω–æ—Ç–µ. ","–ñ–µ–Ω—Å–∫–∞—è –ú–∫–∞. –ü—Ä–µ–º–∏–∞–ª—å–Ω–∞—è —Ö–ª–æ–ø–∫–æ–≤–∞—è —Ç–∫–∞–Ω—å, –∞–≤—Ç–æ—Ä—Å–∫–∏–µ –ø—Ä–∏–Ω—Ç—ã —Å–≤–µ—Ç—è—Ç—Å—è –≤ —É–ª—å—Ç—Ä–∞—Ñ–∏–æ–ª–µ—Ç–µ –∏ –Ω–µ–æ–Ω–µ , –∏ –ø—Ä–æ—Å—Ç–æ —Å–≤–µ—Ç—è—Ç—Å—è –≤ —Ç–µ–º–Ω–æ—Ç–µ. 2750 —Ñ—É—Ç–±–æ–ª–∫–∞. –ù–∞—Ö–æ–¥–∏—Ç—Å—è –≤ –ë—É–≥–∏ –®–æ–ø –≤ –°–ø–±. –î–æ—Å—Ç–∞–≤–∫–∞ –ø–æ –†–æ—Å–∏–∏ 450—Ä.",2750,1